INSERT INTO public.author (id, birth_date, birth_place, name, description) VALUES (1, '1954-08-08', 'Bukittinggi, Sumatera Barat, Indonesia', 'Andrea Hirata', 'Andrea Hirata adalah seorang penulis Indonesia yang terkenal dengan novel Laskar Pelangi yang menjadi fenomena sastra di Indonesia. Lahir di Belitong, Andrea menempuh pendidikan dasar di SD Muhammadiyah yang kemudian menjadi inspirasi utama dalam novel pertamanya. Setelah menyelesaikan pendidikan menengah, ia mendapatkan beasiswa untuk belajar ekonomi di Université de Paris, Sorbonne, Prancis dan Sheffield Hallam University, Inggris. Laskar Pelangi, yang diterbitkan pada tahun 2005, adalah buku pertama dari tetralogi Laskar Pelangi yang dilanjutkan dengan Sang Pemimpi, Edensor, dan Maryamah Karpov. Novel-novel tersebut telah diterjemahkan ke dalam banyak bahasa dan diadaptasi menjadi film yang sukses. Karya-karyanya yang lain termasuk Padang Bulan, Cinta dalam Gelas, dan Ayah. Andrea dikenal dengan gaya penulisannya yang kaya metafora dan kemampuannya menggambarkan kehidupan di pulau Belitong dengan detail yang menawan. Ia juga mendirikan Museum Kata Andrea Hirata di Belitong sebagai pusat literasi dan inspirasi bagi generasi muda. Melalui karya-karyanya, Andrea telah menginspirasi banyak orang untuk mengejar pendidikan dan impian mereka meskipun menghadapi keterbatasan ekonomi dan sosial. Kontribusinya terhadap sastra Indonesia telah diakui secara luas, dan ia terus aktif menulis dan mempromosikan literasi di Indonesia.');

INSERT INTO public.author (id, birth_date, birth_place, name, description) VALUES (2, '1963-02-17', 'Jakarta, Indonesia', 'Dewi Lestari', 'Dewi Lestari, yang lebih dikenal dengan nama pena Dee Lestari, adalah salah satu penulis kontemporer paling berpengaruh di Indonesia. Sebelum memulai kariernya sebagai penulis, Dewi dikenal sebagai anggota trio vokal Rida Sita Dewi. Debut literarinya dimulai dengan novel Supernova: Kesatria, Putri, dan Bintang Jatuh pada tahun 2001, yang kemudian berkembang menjadi seri enam buku yang menggabungkan fiksi, sains, spiritualitas, dan psikologi. Karya-karyanya dikenal karena kedalaman filosofis dan kemampuannya memadukan berbagai disiplin ilmu dalam narasi yang memikat. Selain seri Supernova, Dewi juga menulis kumpulan cerpen Filosofi Kopi yang telah diadaptasi menjadi film sukses, serta novel Perahu Kertas, Rectoverso, dan Aroma Karsa. Dewi dikenal dengan gaya penulisannya yang puitis dan kemampuannya mengeksplorasi tema-tema kompleks seperti identitas, cinta, dan pencarian makna hidup. Ia telah memenangkan berbagai penghargaan sastra dan karyanya telah diterjemahkan ke beberapa bahasa asing. Selain menulis, Dewi juga aktif dalam kegiatan lingkungan dan sosial. Pengaruhnya terhadap dunia literasi Indonesia sangat signifikan, menginspirasi generasi baru penulis dan pembaca. Dengan kombinasi antara kedalaman intelektual dan aksesibilitas naratif, karya-karya Dewi Lestari telah menjembatani kesenjangan antara sastra populer dan sastra serius di Indonesia.');

INSERT INTO public.author (id, birth_date, birth_place, name, description) VALUES (3, '1970-07-28', 'Medan, Sumatera Utara, Indonesia', 'Tere Liye', 'Tere Liye adalah nama pena dari Darwis, seorang penulis Indonesia yang sangat produktif dan populer. Meskipun karyanya banyak diminati, Tere Liye dikenal sebagai sosok yang menjaga privasinya dan jarang tampil di media. Ia lahir di pedalaman Sumatera Selatan dan menempuh pendidikan akuntansi di Universitas Indonesia. Tere Liye telah menulis lebih dari 30 buku yang mencakup berbagai genre, dari fiksi remaja hingga novel dewasa dengan tema sosial, keluarga, cinta, dan spiritualitas. Di antara karya-karyanya yang paling terkenal adalah seri Bumi yang mengisahkan petualangan fantasi Raib dan teman-temannya di dunia paralel, serta novel-novel seperti Hafalan Shalat Delisa, Rindu, Pulang, dan Tentang Kamu. Gaya penulisannya sederhana namun mendalam, sering kali menyelipkan pesan moral dan nilai-nilai kehidupan dalam ceritanya. Tere Liye dikenal karena konsistensinya dalam menerbitkan buku berkualitas dan kemampuannya untuk menyentuh hati pembaca dengan narasi yang emosional dan karakter yang relatable. Meskipun sangat sukses, ia memilih untuk tidak menghadiri acara penghargaan sastra dan tetap hidup sederhana. Ia juga aktif menyuarakan keprihatinannya terhadap isu-isu sosial dan pendidikan di Indonesia melalui media sosial dan karyanya. Tere Liye telah menjadi salah satu penulis paling berpengaruh di Indonesia, dengan buku-bukunya yang selalu dinantikan dan menjadi bestseller.');

INSERT INTO public.author (id, birth_date, birth_place, name, description) VALUES (4, '1947-09-21', 'Portland, Maine, USA', 'Stephen King', 'Stephen King adalah salah satu penulis paling terkenal dan produktif di dunia, dikenal sebagai "Raja Horor" karena kontribusinya yang luar biasa dalam genre tersebut. Lahir di Portland, Maine, King menghabiskan sebagian besar hidupnya di negara bagian tersebut, yang sering menjadi latar dalam karya-karyanya. Perjalanan literasinya dimulai sejak kecil, dan novel pertamanya, Carrie, diterbitkan pada tahun 1974, menjadi awal dari karier yang sangat sukses. Sepanjang kariernya yang membentang lebih dari empat dekade, King telah menulis lebih dari 60 novel dan 200 cerita pendek, banyak di antaranya telah diadaptasi menjadi film, serial televisi, dan media lainnya. Karya-karyanya yang terkenal termasuk The Shining, It, The Stand, Misery, dan seri The Dark Tower. Meskipun dikenal terutama untuk karya horor, tulisan King sebenarnya mencakup berbagai genre termasuk thriller, fiksi ilmiah, fantasi, dan fiksi non-supranatural. Gaya penulisannya yang khas menggabungkan elemen horor dengan eksplorasi mendalam tentang karakter dan dinamika sosial. King juga dikenal karena bukunya On Writing: A Memoir of the Craft, yang menjadi referensi penting bagi banyak penulis aspirasi. Sepanjang hidupnya, King telah menghadapi berbagai tantangan termasuk kecanduan alkohol dan obat-obatan serta kecelakaan serius pada tahun 1999 yang hampir merenggut nyawanya. Pengalaman-pengalaman ini sering tercermin dalam karyanya, menambah dimensi kemanusiaan pada cerita-cerita supranaturalnya.');

INSERT INTO public.author (id, birth_date, birth_place, name, description) VALUES (5, '1965-07-31', 'Yate, Gloucestershire, Inggris', 'J.K. Rowling', 'J.K. Rowling, nama pena dari Joanne Kathleen Rowling, adalah penulis Inggris yang menciptakan seri Harry Potter yang fenomenal. Lahir di Yate, Gloucestershire, Rowling mengembangkan minat pada menulis cerita sejak usia enam tahun. Ide untuk Harry Potter muncul saat ia sedang dalam perjalanan kereta yang tertunda dari Manchester ke London pada tahun 1990. Pada saat itu, Rowling menghadapi masa-masa sulit sebagai ibu tunggal yang hidup dari tunjangan negara setelah pernikahannya yang singkat berakhir. Ia menyelesaikan manuskrip Harry Potter and the Philosopher''s Stone sambil mengasuh anaknya di kafe-kafe Edinburgh. Setelah ditolak oleh beberapa penerbit, buku tersebut akhirnya diterbitkan pada tahun 1997 dan dengan cepat menjadi sensasi global. Seri tujuh buku Harry Potter telah terjual lebih dari 500 juta kopi di seluruh dunia, diterjemahkan ke dalam 80 bahasa, dan diadaptasi menjadi film blockbuster. Kesuksesan luar biasa ini mengubah Rowling dari seorang ibu tunggal yang hidup dalam kemiskinan menjadi salah satu wanita terkaya di Inggris dan filantropis terkemuka. Setelah Harry Potter, Rowling menulis novel untuk pembaca dewasa termasuk The Casual Vacancy dan seri detektif Cormoran Strike (di bawah nama pena Robert Galbraith). Ia juga terus mengembangkan dunia sihir Harry Potter melalui situs web Pottermore, naskah teater Harry Potter and the Cursed Child, dan seri film Fantastic Beasts. Rowling dikenal karena aktivisme sosialnya, mendirikan yayasan amal Lumos dan secara aktif mendukung berbagai organisasi yang menangani kemiskinan, kesehatan mental, dan hak-hak anak.');

INSERT INTO public.author (id, birth_date, birth_place, name, description) VALUES (6, '1977-11-19', 'Jakarta, Indonesia', 'Eka Kurniawan', 'Eka Kurniawan adalah salah satu penulis Indonesia kontemporer paling terkemuka yang telah mendapatkan pengakuan internasional. Lahir di Tasikmalaya, Jawa Barat, Eka menempuh pendidikan di Fakultas Filsafat Universitas Gadjah Mada, Yogyakarta, di mana ia mengembangkan minatnya pada sastra dan filsafat. Debut novelnya, Cantik Itu Luka, diterbitkan pada tahun 2002, menggabungkan realisme magis dengan sejarah Indonesia untuk mengeksplorasi dampak kolonialisme dan kekerasan politik. Novel keduanya, Lelaki Harimau (Man Tiger), diterbitkan pada tahun 2004 dan menjadi novel Indonesia pertama yang masuk dalam daftar panjang Man Booker International Prize pada tahun 2016. Karya-karyanya yang lain termasuk Seperti Dendam, Rindu Harus Dibayar Tuntas dan kumpulan cerita pendek Corat-coret di Toilet. Gaya penulisan Eka sering dibandingkan dengan Gabriel García Márquez dan Haruki Murakami karena penggunaan realisme magis dan eksplorasi tema-tema gelap seperti kekerasan, seksualitas, dan politik. Karyanya telah diterjemahkan ke dalam berbagai bahasa termasuk Inggris, Prancis, Jerman, dan Jepang, membantu memperkenalkan sastra Indonesia kontemporer ke panggung global. Meskipun menghadapi tantangan sensor di Indonesia karena konten eksplisit dalam beberapa karyanya, Eka tetap menjadi salah satu suara paling penting dalam sastra Indonesia modern. Pengaruhnya terhadap generasi baru penulis Indonesia sangat signifikan, mendorong eksplorasi bentuk-bentuk naratif baru dan pendekatan yang lebih berani terhadap tema-tema kontroversial.');

INSERT INTO public.author (id, birth_date, birth_place, name, description) VALUES (7, '1973-06-05', 'Tokyo, Jepang', 'Haruki Murakami', 'Haruki Murakami adalah salah satu penulis Jepang paling terkenal dan berpengaruh di dunia internasional. Lahir di Kyoto, Murakami menghabiskan masa kecilnya di Kobe. Ia menjalankan bar jazz di Tokyo sebelum memutuskan untuk menjadi penulis penuh waktu setelah kesuksesan novel pertamanya, Hear the Wind Sing, yang memenangkan Gunzo Prize untuk penulis baru pada tahun 1979. Gaya penulisan Murakami sangat khas, menggabungkan realisme dengan elemen-elemen surrealis dan fantastis, menciptakan dunia-dunia yang familiar namun aneh. Karya-karyanya sering mengeksplorasi tema-tema keterasingan, kesepian, dan pencarian identitas dalam masyarakat modern. Novel-novelnya yang terkenal termasuk Norwegian Wood yang melambungkan namanya di Jepang, The Wind-Up Bird Chronicle, Kafka on the Shore, dan 1Q84 yang merupakan magnum opus-nya. Selain menulis fiksi, Murakami juga menulis non-fiksi, termasuk Underground, sebuah investigasi tentang serangan gas sarin di Tokyo tahun 1995, dan What I Talk About When I Talk About Running, sebuah memoir tentang hubungannya dengan lari jarak jauh. Karya-karya Murakami telah diterjemahkan ke dalam lebih dari 50 bahasa dan memenangkan berbagai penghargaan internasional. Ia sering disebut-sebut sebagai kandidat kuat untuk Nobel Sastra. Meskipun sangat terkenal secara global, Murakami memiliki hubungan yang kompleks dengan establishment sastra Jepang, dengan beberapa kritikus yang menganggap karyanya terlalu Barat. Namun demikian, pengaruhnya pada sastra kontemporer dan budaya populer tidak dapat disangkal, dengan banyak penulis muda di seluruh dunia yang terinspirasi oleh gaya dan tematik karyanya.');


INSERT INTO public.author (id, birth_date, birth_place, name, description) VALUES (8, '1949-10-17', 'Blora, Jawa Tengah, Indonesia', 'Pramoedya Ananta Toer', 'Pramoedya Ananta Toer adalah salah satu penulis terbesar Indonesia dan figur sastra yang paling dihormati. Lahir di Blora, Jawa Tengah, kehidupan Pramoedya penuh dengan perjuangan dan pengorbanan yang tercermin dalam karya-karyanya. Ia mengalami masa pendudukan Jepang dan revolusi kemerdekaan Indonesia, yang kemudian menjadi latar belakang untuk banyak karyanya. Pramoedya dipenjarakan beberapa kali, pertama oleh Belanda pada masa revolusi, kemudian oleh rezim Soekarno, dan yang paling lama oleh rezim Orde Baru Soeharto ketika ia diasingkan ke Pulau Buru dari 1969 hingga 1979 tanpa proses pengadilan. Di Pulau Buru, tanpa akses ke alat tulis, ia menciptakan dan menceritakan secara lisan Tetralogi Buru yang kemudian menjadi karya monumentalnya: Bumi Manusia, Anak Semua Bangsa, Jejak Langkah, dan Rumah Kaca. Karya-karya ini mengisahkan kebangkitan kesadaran nasional Indonesia melalui tokoh Minke. Setelah dibebaskan, buku-bukunya dilarang di Indonesia hingga jatuhnya rezim Soeharto pada 1998. Karya-karya Pramoedya lainnya termasuk Gadis Pantai, Perburuan, dan Nyanyi Sunyi Seorang Bisu. Tulisannya dikenal karena realisme sosialnya, eksplorasi mendalam tentang sejarah Indonesia, dan kritik terhadap ketidakadilan sosial dan politik. Meskipun sering dicalonkan untuk Nobel Sastra, Pramoedya tidak pernah menerimanya, tetapi ia menerima banyak penghargaan internasional lainnya. Warisan literasinya tetap menjadi salah satu harta paling berharga dalam sastra Indonesia, memberikan suara bagi mereka yang terpinggirkan dan tertindas.');

INSERT INTO public.author (id, birth_date, birth_place, name, description) VALUES (9, '1977-02-24', 'Bandung, Jawa Barat, Indonesia', 'Raditya Dika', 'Raditya Dika, yang lahir dengan nama Dika Angkasaputra Moerwani, adalah seorang penulis, komedian, sutradara, dan aktor Indonesia yang telah menjadi fenomena budaya pop di Indonesia. Ia mulai dikenal luas melalui blog humornya, "Kambing Jantan," yang kemudian diterbitkan menjadi buku pada tahun 2005. Kesuksesan buku pertamanya ini menandai awal dari karier penulisannya yang produktif, dengan buku-buku berikutnya seperti Cinta Brontosaurus, Radikus Makankakus, Babi Ngesot, Marmut Merah Jambu, dan Manusia Setengah Salmon yang semuanya menjadi bestseller nasional. Gaya penulisan Raditya yang khas menggabungkan humor self-deprecating dengan pengalaman pribadi, menciptakan genre yang kemudian dikenal sebagai "komedi metropop". Selain menulis, Raditya juga sukses merambah dunia film, baik sebagai sutradara maupun aktor dalam adaptasi buku-bukunya seperti Kambing Jantan (2009), Cinta Brontosaurus (2013), dan Marmut Merah Jambu (2014). Ia juga menjadi pionir stand-up comedy di Indonesia, membantu mempopulerkan genre komedi ini di tanah air melalui pertunjukan live dan program televisi. Di era digital, Raditya terus beradaptasi dengan menjadi content creator di YouTube dengan channel yang memiliki jutaan subscriber, serta aktif di berbagai platform media sosial. Ia juga mendirikan perusahaan produksi film sendiri dan terlibat dalam berbagai bisnis digital. Perjalanan kariernya dari blogger menjadi multi-talenta di industri kreatif Indonesia menginspirasi banyak anak muda untuk mengembangkan bakat menulis dan berkarya di bidang kreatif. Meskipun karyanya sering dikategorikan sebagai hiburan ringan, kontribusi Raditya dalam mengembangkan budaya literasi dan industri kreatif di Indonesia sangat signifikan.');

INSERT INTO public.author (id, birth_date, birth_place, name, description) VALUES (10, '1928-03-06', 'Colombo, Sri Lanka', 'Gabriel García Márquez', 'Gabriel García Márquez, sering dipanggil Gabo oleh penggemar di seluruh dunia, adalah seorang penulis, jurnalis, dan aktivis politik Kolombia yang memenangkan Nobel Sastra pada tahun 1982. Lahir di Aracataca, Kolombia, kota kecil yang kemudian menginspirasi Macondo yang legendaris dalam karya-karyanya, García Márquez dibesarkan oleh kakek neneknya yang mempengaruhi pandangan dunianya dengan cerita-cerita rakyat dan takhayul. Ia memulai kariernya sebagai jurnalis sebelum menemukan panggilan sejatinya sebagai penulis fiksi. Novel masterpiece-nya, "Seratus Tahun Kesunyian" (Cien años de soledad), diterbitkan pada tahun 1967, menjadi sukses luar biasa dan mendefinisikan genre realisme magis. Karya ini mengisahkan tujuh generasi keluarga Buendía di kota fiksi Macondo, menggabungkan elemen-elemen fantastis dengan realitas sehari-hari. Novel-novel terkenalnya yang lain termasuk "Cinta di Masa Kolera" (El amor en los tiempos del cólera), "Kronik Kematian yang Telah Diberitahukan" (Crónica de una muerte anunciada), dan "Jenderal dalam Labirin" (El general en su laberinto). Gaya penulisannya yang khas menggabungkan elemen-elemen fantastis dengan realitas sosial dan politik Amerika Latin, menciptakan narasi yang kaya dan kompleks yang mengeksplorasi tema-tema seperti kesepian, kekuasaan, dan cinta. García Márquez juga dikenal karena persahabatannya dengan Fidel Castro dan pandangan politiknya yang condong ke kiri, yang kadang-kadang membuatnya kontroversial di Amerika Serikat. Pengaruhnya pada sastra dunia sangat besar, menginspirasi generasi penulis di Amerika Latin dan seluruh dunia. Karyanya telah diterjemahkan ke dalam lebih dari 30 bahasa dan terjual jutaan eksemplar di seluruh dunia, menjadikannya salah satu penulis paling berpengaruh pada abad ke-20.');

INSERT INTO public.author (id, birth_date, birth_place, name, description) VALUES (11, '1983-09-12', 'Jakarta, Indonesia', 'Fiersa Besari', 'Fiersa Besari adalah seorang penulis, musisi, dan content creator Indonesia yang telah menjadi fenomena di kalangan anak muda Indonesia. Lahir dan dibesarkan di Bandung, Fiersa memulai kariernya sebagai musisi indie sebelum merambah dunia penulisan. Ia dikenal dengan gaya penulisannya yang puitis dan relatable, sering mengangkat tema-tema perjalanan, cinta, dan pencarian jati diri yang sangat resonan dengan generasi milenial dan Gen Z Indonesia. Debut novelnya, "Garis Waktu," yang diterbitkan pada tahun 2016, dengan cepat menjadi bestseller dan memperkuat posisinya sebagai salah satu penulis muda paling berpengaruh di Indonesia. Karya-karyanya yang lain termasuk "Konspirasi Alam Semesta," "11:11," "Catatan Juang," "Tapak Jejak," dan "Arah Langkah," yang semuanya mendapat sambutan hangat dari pembaca. Selain menulis novel, Fiersa juga menulis puisi dan lirik lagu, yang sering ia bawakan dalam tur musik dan sastranya yang disebut "Catatan Perjalanan." Sebagai musisi, ia telah merilis beberapa album dan single yang sukses, dengan lagu-lagu seperti "Waktu Yang Salah" dan "Pelukku untuk Pelikmu" yang menjadi hits. Fiersa juga aktif sebagai content creator di YouTube dan media sosial lainnya, di mana ia berbagi cerita perjalanan, musik, dan pemikiran-pemikirannya. Melalui kontennya, ia mengajak pengikutnya untuk mengeksplorasi keindahan Indonesia dan menghargai alam. Fiersa dikenal karena kedekatan dan interaksinya yang autentik dengan penggemar, yang ia sebut sebagai "Pembaca." Kombinasi antara karya sastra, musik, dan konten digital telah membuatnya menjadi sosok yang unik dalam industri kreatif Indonesia, menginspirasi banyak anak muda untuk berani mengejar passion mereka dan mengekspresikan diri melalui berbagai bentuk seni.');

INSERT INTO public.author (id, birth_date, birth_place, name, description) VALUES (12, '1960-08-24', 'Nagasaki, Jepang', 'Banana Yoshimoto', 'Banana Yoshimoto, nama pena dari Mahoko Yoshimoto, adalah salah satu penulis Jepang kontemporer paling terkenal di dunia internasional. Lahir di Tokyo dalam keluarga intelektual—ayahnya adalah kritikus dan filsuf terkenal Takaaki Yoshimoto—Banana mengambil nama penanya dari kecintaannya pada bunga banana dan karena menurutnya nama tersebut terdengar "lucu dan androgini." Ia meraih ketenaran internasional dengan novel debutnya, "Kitchen," yang diterbitkan pada tahun 1988 dan dengan cepat menjadi fenomena sastra, diterjemahkan ke dalam lebih dari 20 bahasa. Novel ini, yang mengeksplorasi tema kesedihan, kehilangan, dan regenerasi melalui kisah seorang gadis muda yang terobsesi dengan dapur, menandai munculnya suara baru yang segar dalam sastra Jepang. Karya-karya Yoshimoto yang lain termasuk "N.P.," "Lizard," "Amrita," "Asleep," dan "Goodbye Tsugumi," yang semuanya menampilkan gaya penulisannya yang khas: sederhana namun mendalam, dengan elemen-elemen surealis yang halus. Tulisannya sering mengeksplorasi tema-tema kematian, mimpi, spiritualitas, dan hubungan keluarga, dengan fokus khusus pada pengalaman kaum muda urban di Jepang kontemporer. Yoshimoto dikenal karena kemampuannya menggabungkan elemen-elemen budaya pop dengan tema-tema filosofis yang dalam, menciptakan karya yang mudah diakses namun tetap bermakna. Pengaruhnya pada sastra Jepang kontemporer sangat besar, membantu mendefinisikan apa yang disebut sebagai "sastra J-Bungaku" yang menggabungkan sensibilitas tradisional Jepang dengan elemen-elemen modern dan Barat. Meskipun beberapa kritikus tradisional menganggap karyanya terlalu populer atau sederhana, penggemar di seluruh dunia menghargai kemampuannya untuk menangkap kompleksitas emosi manusia dengan cara yang langsung dan mengharukan.');


INSERT INTO public.author (id, birth_date, birth_place, name, description) VALUES (13, '1964-07-07', 'London, Inggris', 'Dan Brown', 'Dan Brown adalah seorang penulis novel thriller Amerika yang terkenal dengan karya-karyanya yang menggabungkan tema-tema sejarah, seni, kode, dan simbolisme. Lahir di Exeter, New Hampshire, Brown awalnya mengejar karir sebagai musisi sebelum beralih ke dunia penulisan. Setelah menerbitkan novel pertamanya "Digital Fortress" pada tahun 1998, Brown meraih ketenaran internasional dengan novel ketiganya, "The Da Vinci Code" (2003), yang menjadi fenomena global dengan terjual lebih dari 80 juta kopi di seluruh dunia dan diterjemahkan ke dalam 44 bahasa. Novel ini menampilkan karakter Robert Langdon, seorang profesor simbologi dari Harvard, yang kemudian menjadi protagonis dalam beberapa novel Brown lainnya. Kesuksesan "The Da Vinci Code" memicu kontroversi karena eksplorasi Brown tentang teori alternatif mengenai Yesus Kristus dan Gereja Katolik, namun juga mempopulerkan minat publik terhadap sejarah seni dan simbolisme religius. Novel-novel Robert Langdon lainnya termasuk "Angels & Demons" (2000), "The Lost Symbol" (2009), "Inferno" (2013), dan "Origin" (2017), yang semuanya menjadi bestseller internasional. Gaya penulisan Brown yang khas menggabungkan fakta historis dengan fiksi, menciptakan narasi yang cepat dengan twist mengejutkan dan cliffhanger di akhir setiap bab. Meskipun beberapa kritikus sastra mengkritik gaya tulisannya, Brown telah berhasil menarik jutaan pembaca dengan kemampuannya menyajikan informasi kompleks dalam bentuk yang menghibur. Karya-karyanya telah diadaptasi menjadi film blockbuster yang dibintangi Tom Hanks sebagai Robert Langdon. Pengaruh Dan Brown pada budaya populer sangat signifikan, meningkatkan pariwisata di lokasi-lokasi yang disebutkan dalam novelnya dan menginspirasi minat baru dalam sejarah, seni, dan simbolisme.');

INSERT INTO public.author (id, birth_date, birth_place, name, description) VALUES (14, '1952-10-07', 'Surabaya, Jawa Timur, Indonesia', 'Sapardi Djoko Damono', 'Sapardi Djoko Damono adalah salah satu penyair terbesar Indonesia yang karyanya telah menjadi bagian integral dari lanskap sastra Indonesia modern. Lahir di Surakarta, Jawa Tengah, Sapardi menyelesaikan pendidikan sastranya di Universitas Gadjah Mada dan kemudian mengajar di Fakultas Sastra Universitas Indonesia hingga pensiun sebagai profesor emeritus. Puisi-puisi Sapardi dikenal karena kehalusan bahasanya, kedalaman maknanya, dan kemampuannya untuk menangkap momen-momen kecil dalam kehidupan sehari-hari dan mentransformasikannya menjadi refleksi filosofis yang mendalam. Kumpulan puisinya yang pertama, "Duka-Mu Abadi," terbit pada tahun 1969, diikuti oleh karya-karya monumental seperti "Mata Pisau," "Akuarium," "Perahu Kertas," "Hujan Bulan Juni," dan "Arloji." Puisi "Hujan Bulan Juni" mungkin adalah karyanya yang paling terkenal, menjadi ikon puisi cinta Indonesia yang telah dikenal oleh beberapa generasi pembaca. Selain menulis puisi, Sapardi juga menulis prosa, esai kritik sastra, dan menerjemahkan karya-karya sastra dunia ke dalam bahasa Indonesia, termasuk karya-karya William Shakespeare, T.S. Eliot, dan Khalil Gibran. Ia juga menulis novel seperti "Trilogi Soekram" dan "Hujan Bulan Juni" yang diadaptasi dari puisi terkenalnya. Kontribusi Sapardi terhadap sastra Indonesia sangat besar, tidak hanya melalui karya-karyanya sendiri tetapi juga melalui perannya sebagai pendidik dan kritikus yang membantu membentuk generasi penulis Indonesia. Gaya puisinya yang liris, minimalis, namun kaya makna telah mempengaruhi banyak penyair Indonesia kontemporer. Sapardi dikenal karena kerendahan hatinya dan dedikasi seumur hidupnya pada sastra, menjadikannya salah satu tokoh yang paling dihormati dalam komunitas sastra Indonesia. Karyanya terus hidup dan beresonansi dengan pembaca baru, membuktikan kekuatan abadi dari puisi yang ditulis dengan kejujuran dan kedalaman perasaan.');

INSERT INTO public.author (id, birth_date, birth_place, name, description) VALUES (15, '1962-06-18', 'Shillong, India', 'Arundhati Roy', 'Arundhati Roy adalah seorang penulis, aktivis politik, dan kritikus sosial India yang dikenal karena suaranya yang lantang membela keadilan sosial dan lingkungan. Lahir di Shillong, Meghalaya, dan dibesarkan di Kerala, Roy menempuh pendidikan arsitektur di Delhi sebelum beralih ke dunia penulisan. Ia mencapai ketenaran internasional dengan novel debutnya, "The God of Small Things" (1997), yang memenangkan Booker Prize dan menjadi salah satu novel India paling sukses secara komersial. Novel ini, yang mengisahkan kehidupan keluarga Kristen Syria di Kerala dan mengeksplorasi tema-tema tabu seperti sistem kasta, patriarki, dan incest, menunjukkan kemampuan Roy yang luar biasa dalam menciptakan prosa yang kaya dan puitis. Setelah kesuksesan novelnya, Roy menghabiskan dua dekade berikutnya sebagai aktivis dan penulis non-fiksi, menerbitkan esai-esai politik yang tajam tentang globalisasi, imperialisme Amerika, fundamentalisme Hindu, dan proyek-proyek pembangunan skala besar di India. Kumpulan esainya termasuk "The Cost of Living," "Power Politics," "War Talk," "An Ordinary Person''s Guide to Empire," dan "Listening to Grasshoppers." Pada tahun 2017, dua puluh tahun setelah novel pertamanya, Roy menerbitkan novel keduanya, "The Ministry of Utmost Happiness," yang mengeksplorasi kehidupan hijra (transgender) di Delhi dan konflik di Kashmir. Gaya penulisan Roy yang khas menggabungkan keindahan puitis dengan kritik sosial yang tajam, menciptakan narasi yang secara bersamaan mengharukan dan menggugah pemikiran. Sebagai aktivis, Roy sering menghadapi kontroversi di India karena pandangan politiknya yang vokal, termasuk dukungannya untuk kemerdekaan Kashmir dan kritiknya terhadap pemerintah India. Meskipun kontroversial, Roy tetap menjadi salah satu suara paling penting dalam sastra dan aktivisme India kontemporer, memberikan suara bagi mereka yang terpinggirkan dan tertindas.');

INSERT INTO public.author (id, birth_date, birth_place, name, description) VALUES (16, '1952-05-20', 'New Orleans, Louisiana, USA', 'Walter Isaacson', 'Walter Isaacson adalah seorang penulis, jurnalis, dan biograf Amerika yang terkenal dengan biografi-biografinya tentang tokoh-tokoh inovatif dan berpengaruh. Isaacson pernah menjabat sebagai CEO CNN dan editor majalah TIME. Ia juga menjadi presiden Aspen Institute, sebuah lembaga pendidikan dan kebijakan nirlaba yang berbasis di Washington, D.C. Isaacson dikenal karena kemampuannya menggali kehidupan pribadi dan profesional subjek biografinya secara mendalam, serta menghubungkannya dengan konteks sejarah yang lebih luas. Selain biografi Einstein, ia juga menulis biografi Steve Jobs, Leonardo da Vinci, Benjamin Franklin, dan Henry Kissinger. Karyanya menggabungkan riset yang teliti dengan narasi yang memikat, menjadikannya salah satu penulis biografi paling dihormati dan dibaca di dunia.');

-- update sequence of author to 17
ALTER SEQUENCE author_id_seq RESTART WITH 17;



INSERT INTO public.publisher (id, name, description, deleted) VALUES (1, 'Bentang Pustaka', 'Penerbit buku Indonesia yang berbasis di Yogyakarta dan dikenal menerbitkan karya-karya sastra Indonesia kontemporer', false);
INSERT INTO public.publisher (id, name, description, deleted) VALUES (2, 'Truedee Books', 'Penerbit independen yang didirikan oleh Dewi Lestari untuk menerbitkan karya-karyanya sendiri', false);
INSERT INTO public.publisher (id, name, description, deleted) VALUES (3, 'Gramedia Pustaka Utama', 'Salah satu penerbit terbesar di Indonesia yang menerbitkan berbagai genre buku, termasuk karya-karya bestseller nasional', false);
INSERT INTO public.publisher (id, name, description, deleted) VALUES (4, 'Scribner', 'Penerbit Amerika Serikat yang merupakan bagian dari Simon & Schuster dan menerbitkan banyak karya Stephen King', false);
INSERT INTO public.publisher (id, name, description, deleted) VALUES (5, 'Doubleday', 'Penerbit Amerika Serikat yang menerbitkan beberapa karya awal Stephen King termasuk The Shining', false);
INSERT INTO public.publisher (id, name, description, deleted) VALUES (6, 'Gagas Media', 'Penerbit Indonesia yang fokus pada buku-buku fiksi populer dan non-fiksi untuk pembaca muda', false);

INSERT INTO public.publisher (id, name, description, deleted) VALUES (7, 'Harper & Row', 'Penerbit Amerika Serikat yang menerbitkan edisi bahasa Inggris dari banyak karya Gabriel García Márquez sebelum bergabung menjadi HarperCollins', false);

INSERT INTO public.publisher (id, name, description, deleted) VALUES (8, 'Editorial Sudamericana', 'Penerbit Argentina yang menerbitkan banyak karya Gabriel García Márquez dalam bahasa Spanyol aslinya', false);

INSERT INTO public.publisher (id, name, description, deleted) VALUES (9, 'Media Kita', 'Penerbit Indonesia yang fokus pada buku-buku fiksi populer dan karya-karya penulis muda Indonesia', false);

INSERT INTO public.publisher (id, name, description, deleted) VALUES (10, 'Grove Press', 'Penerbit Amerika Serikat yang berfokus pada karya-karya sastra terjemahan, termasuk banyak karya penulis Jepang seperti Banana Yoshimoto', false);

INSERT INTO public.publisher (id, name, description, deleted) VALUES (11, 'Kadokawa Shoten', 'Penerbit Jepang yang menerbitkan banyak karya sastra Jepang kontemporer termasuk beberapa karya Banana Yoshimoto dalam bahasa aslinya', false);

INSERT INTO public.publisher (id, name, description, deleted) VALUES (12, 'Doubleday', 'Penerbit Amerika Serikat yang merupakan bagian dari Penguin Random House, terkenal menerbitkan karya-karya Dan Brown termasuk The Da Vinci Code', false);

INSERT INTO public.publisher (id, name, description, deleted) VALUES (13, 'Editum', 'Penerbit independen Indonesia yang fokus pada penerbitan karya sastra dan puisi Indonesia', false);

INSERT INTO public.publisher (id, name, description, deleted) VALUES (14, 'Random House', 'Penerbit buku internasional yang berbasis di Amerika Serikat dan merupakan bagian dari Penguin Random House, menerbitkan berbagai genre buku termasuk karya sastra', false);

INSERT INTO public.publisher (id, name, description, deleted) VALUES (15, 'Hamish Hamilton', 'Penerbit Inggris yang merupakan bagian dari Penguin Books, terkenal menerbitkan karya-karya fiksi sastra berkualitas tinggi', false);

INSERT INTO public.publisher (id, description, name, deleted) VALUES (16, 'Simon & Schuster adalah salah satu penerbit buku terbesar di dunia yang didirikan pada tahun 1924 oleh Richard L. Simon dan M. Lincoln Schuster.', 'Simon & Schuster', false);

INSERT INTO public.publisher (id, name, description, deleted) VALUES (17, 'Bloomsbury Publishing', 'Penerbit independen asal Inggris yang didirikan pada tahun 1986, terkenal karena menerbitkan seri Harry Potter di Inggris dan berbagai negara di luar Amerika Serikat', false);

INSERT INTO public.publisher (id, name, description, deleted) VALUES (18, 'Scholastic Corporation', 'Penerbit multinasional asal Amerika yang fokus pada buku pendidikan dan anak-anak, memegang hak penerbitan seri Harry Potter di Amerika Serikat', false);

-- update sequence of publisher to 19
ALTER SEQUENCE publisher_id_seq RESTART WITH 19;






-- category data here

INSERT INTO public.category (code, name, description, deleted) VALUES ('NOVEL', 'Novel', 'Karya fiksi prosa panjang yang mengandung rangkaian cerita kehidupan seseorang dengan orang-orang di sekelilingnya', false);
INSERT INTO public.category (code, name, description, deleted) VALUES ('CERPEN', 'Cerita Pendek', 'Karya fiksi prosa yang lebih pendek dari novel dan biasanya dapat dibaca dalam sekali duduk', false);
INSERT INTO public.category (code, name, description, deleted) VALUES ('SASTRA_JEPANG', 'Sastra Jepang', 'Karya sastra yang ditulis oleh penulis Jepang atau berlatar belakang budaya dan masyarakat Jepang', false);
INSERT INTO public.category (code, name, description, deleted) VALUES ('THRILLER', 'Thriller', 'Karya fiksi yang dirancang untuk membuat pembaca tegang dan bersemangat melalui penggunaan suspense, ketegangan, dan plot yang cepat', false);
INSERT INTO public.category (code, name, description, deleted) VALUES ('PUISI', 'Puisi', 'Bentuk karya sastra yang menggunakan bahasa yang dipadatkan, dipersingkat, dan diberi irama dengan bunyi yang padu', false);
INSERT INTO public.category (code, name, description, deleted) VALUES ('SASTRA_INDONESIA', 'Sastra Indonesia', 'Karya sastra yang ditulis dalam bahasa Indonesia atau oleh penulis Indonesia', false);
INSERT INTO public.category (code, name, description, deleted) VALUES ('SASTRA_INDIA', 'Sastra India', 'Karya sastra yang ditulis oleh penulis India atau berlatar belakang budaya dan masyarakat India', false);
INSERT INTO public.category (code, name, description, deleted) VALUES ('SCIENCE_POPULAR', 'Sains Populer', 'Kategori ini mencakup buku - buku yang menyajikan konsep ilmiah dalam format yang mudah dipahami oleh pembaca umum', false);
INSERT INTO public.category (code, deleted, description, name) VALUES ('BIOGRAPHY', false, 'Kategori biografi mencakup buku-buku yang menceritakan kisah hidup seseorang yang ditulis oleh orang lain.', 'Biografi');
INSERT INTO public.category (code, name, description, deleted) VALUES ('FANTASI', 'Fantasi', 'Karya fiksi yang mengandung elemen-elemen magis, supernatural, atau dunia alternatif yang tidak ada dalam realitas', false);
INSERT INTO public.category (code, name, description, deleted) VALUES ('FIKSI_ANAK', 'Fiksi Anak', 'Karya sastra yang ditujukan untuk pembaca anak-anak dan remaja, biasanya dengan tema dan bahasa yang sesuai untuk kelompok usia tersebut', false);
INSERT INTO public.category (code, name, description, deleted) VALUES ('TEKNOLOGI', 'Teknologi', 'Buku yang membahas tentang perkembangan, sejarah, dampak, dan masa depan teknologi dalam berbagai aspek kehidupan', false);
INSERT INTO public.category (code, name, description, deleted) VALUES ('SEJARAH', 'Sejarah', 'Karya non-fiksi yang mengkaji peristiwa masa lalu berdasarkan bukti dan analisis', false);


-- book data here

INSERT INTO public.book (id, title, description, pages, publishing_year, publisher_id, deleted) VALUES (1, 'Laskar Pelangi', 'Novel pertama dari tetralogi Laskar Pelangi yang mengisahkan perjuangan sepuluh anak dari keluarga miskin di Belitung untuk mendapatkan pendidikan di SD Muhammadiyah. Kisah ini didasarkan pada pengalaman masa kecil Andrea Hirata sendiri.', 529, 2005, 1, false);

INSERT INTO public.book (id, title, description, pages, publishing_year, publisher_id, deleted) VALUES (2, 'Sang Pemimpi', 'Novel kedua dari tetralogi Laskar Pelangi yang mengisahkan kehidupan Ikal dan kawan-kawannya saat bersekolah di SMA Negeri Manggar, serta impian mereka untuk melanjutkan pendidikan ke Sorbonne, Prancis.', 292, 2006, 1, false);

INSERT INTO public.book (id, title, description, pages, publishing_year, publisher_id, deleted) VALUES (3, 'Supernova: Kesatria, Putri, dan Bintang Jatuh', 'Novel pertama dari seri Supernova yang mengisahkan tentang Dhimas dan Ruben, sepasang penulis yang menciptakan cerita fiksi yang ternyata mempengaruhi kehidupan nyata tiga karakter lainnya: Ferre, Rana, dan Diva. Novel ini menggabungkan tema-tema sains, spiritualitas, dan hubungan antarmanusia.', 342, 2001, 2, false);

INSERT INTO public.book (id, title, description, pages, publishing_year, publisher_id, deleted) VALUES (4, 'Filosofi Kopi', 'Kumpulan cerita pendek yang mengeksplorasi berbagai aspek kehidupan manusia melalui metafora kopi dan filosofi di baliknya. Cerita utama mengisahkan tentang Ben dan Jody, dua sahabat yang mendirikan kedai kopi dan perjalanan Ben mencari resep kopi sempurna.', 155, 2006, 2, false);

INSERT INTO public.book (id, title, description, pages, publishing_year, publisher_id, deleted) VALUES (5, 'Bumi', 'Novel pertama dari serial Bumi yang mengisahkan petualangan seorang gadis bernama Raib yang memiliki kemampuan menghilang. Bersama dua temannya, Ali dan Seli, Raib menemukan dunia paralel bernama Klan Bulan dan terlibat dalam petualangan luar biasa untuk menyelamatkan dunia.', 440, 2014, 3, false);

INSERT INTO public.book (id, title, description, pages, publishing_year, publisher_id, deleted) VALUES (6, 'Hujan', 'Novel yang mengisahkan kisah cinta antara Lail dan Esok yang dimulai dari bencana gunung meletus dan gempa dahsyat yang menghancurkan kota mereka. Dalam perjalanan hidupnya, Lail belajar tentang persahabatan, pengorbanan, dan arti kebahagiaan yang sesungguhnya.', 320, 2016, 3, false);

INSERT INTO public.book (id, title, description, pages, publishing_year, publisher_id, deleted) VALUES (7, 'The Shining', 'Novel horor psikologis yang mengisahkan tentang Jack Torrance, seorang penulis dan pemulih alkoholik yang menjadi penjaga musim dingin di hotel terpencil bernama Overlook Hotel bersama keluarganya. Seiring waktu, kekuatan supernatural hotel mulai mempengaruhi Jack dan mengancam keluarganya, sementara putranya Danny yang memiliki kemampuan psikis "the shining" melihat visi-visi mengerikan.', 447, 1977, 5, false);

INSERT INTO public.book (id, title, description, pages, publishing_year, publisher_id, deleted) VALUES (8, 'It', 'Novel horor epik yang mengisahkan tentang sekelompok anak-anak yang dikenal sebagai "The Losers Club" yang menghadapi entitas jahat yang menyamar sebagai badut bernama Pennywise di kota Derry, Maine. Cerita berpindah antara dua periode waktu, saat karakter utama masih anak-anak dan kemudian saat mereka dewasa, ketika mereka harus kembali ke kota asal mereka untuk menghadapi kembali teror dari masa kecil mereka.', 1138, 1986, 4, false);

INSERT INTO public.book (id, title, description, pages, publishing_year, publisher_id, deleted) VALUES (9, 'Kambing Jantan: Sebuah Catatan Harian Pelajar Bodoh', 'Buku pertama Raditya Dika yang merupakan kumpulan tulisan dari blognya, mengisahkan pengalaman-pengalaman lucu dan absurd selama ia menjalani studi di Adelaide, Australia. Buku ini menceritakan keseharian Dika sebagai mahasiswa Indonesia di luar negeri dengan gaya humor khasnya.', 264, 2005, 6, false);

INSERT INTO public.book (id, title, description, pages, publishing_year, publisher_id, deleted) VALUES (10, 'Cinta Brontosaurus', 'Buku kedua Raditya Dika yang mengisahkan pengalaman-pengalaman cintanya yang konyol dan tidak biasa. Dengan gaya humor yang khas, Dika menceritakan berbagai kisah cinta yang gagal dan pembelajaran yang ia dapatkan dari pengalaman tersebut.', 248, 2006, 6, false);

INSERT INTO public.book (id, title, description, pages, publishing_year, publisher_id, deleted) VALUES (11, 'Cien años de soledad', 'Novel epik yang mengisahkan tujuh generasi keluarga Buendía di kota fiksi Macondo. Karya ini menggabungkan elemen realisme magis dengan sejarah Kolombia, mengeksplorasi tema-tema kesunyian, pengulangan waktu, dan takdir. Novel ini dianggap sebagai mahakarya García Márquez dan salah satu karya sastra terpenting abad ke-20.', 417, 1967, 8, false);

INSERT INTO public.book (id, title, description, pages, publishing_year, publisher_id, deleted) VALUES (12, 'El amor en los tiempos del cólera', 'Novel yang mengisahkan kisah cinta Florentino Ariza dan Fermina Daza yang berlangsung selama lebih dari 50 tahun. Setelah ditolak oleh Fermina yang memilih menikah dengan dokter Juvenal Urbino, Florentino tetap setia menunggu selama setengah abad hingga kematian suami Fermina memberinya kesempatan kedua. Novel ini mengeksplorasi tema-tema cinta, waktu, usia tua, dan kematian dengan latar belakang masyarakat Karibia pada pergantian abad ke-20.', 348, 1985, 7, false);

INSERT INTO public.book (id, title, description, pages, publishing_year, publisher_id, deleted) VALUES (13, 'Garis Waktu', 'Novel debut Fiersa Besari yang mengisahkan tentang perjalanan hidup dan cinta seorang tokoh utama bernama Fajri. Melalui rangkaian cerita pendek yang disusun seperti potongan-potongan kenangan, novel ini mengeksplorasi tema waktu, cinta, kehilangan, dan bagaimana semua pengalaman tersebut membentuk seseorang. Garis Waktu menggabungkan prosa dan puisi dengan cara yang unik untuk menyampaikan emosi dan refleksi tentang kehidupan.', 204, 2016, 9, false);

INSERT INTO public.book (id, title, description, pages, publishing_year, publisher_id, deleted) VALUES (14, 'Konspirasi Alam Semesta', 'Novel kedua Fiersa Besari yang mengisahkan pertemuan dan perjalanan cinta Juang Astrajingga dan Senja. Melalui perjalanan mereka berdua, novel ini mengeksplorasi tema-tema tentang takdir, kebetulan, dan bagaimana alam semesta seolah berkonspirasi untuk mempertemukan dua orang yang ditakdirkan bersama. Dengan latar belakang perjalanan keliling Indonesia, novel ini juga menggambarkan keindahan alam dan budaya nusantara.', 280, 2017, 9, false);

INSERT INTO public.book (id, title, description, pages, publishing_year, publisher_id, deleted) VALUES (15,'Kitchen', 'Novel pendek yang mengisahkan tentang Mikage Sakurai, seorang gadis muda yang baru saja kehilangan neneknya, satu-satunya keluarga yang ia miliki. Setelah kematian neneknya, Mikage diundang untuk tinggal bersama Yuichi Tanabe, teman neneknya, dan ibunya Eriko, yang sebenarnya adalah ayah Yuichi yang telah menjalani operasi perubahan gender setelah kematian istrinya. Novel ini mengeksplorasi tema-tema kesepian, kehilangan, dan transformasi melalui hubungan antar karakter dan hubungan mereka dengan dapur, yang menjadi simbol kehangatan dan kehidupan. "Kitchen" juga mencakup cerita pendek "Moonlight Shadow" yang mengeksplorasi tema-tema serupa tentang kehilangan dan proses penyembuhan.', 152, 1988, 11, false);

INSERT INTO public.book (id, title, description, pages, publishing_year, publisher_id, deleted) VALUES (16, 'Goodbye Tsugumi', 'Novel yang mengisahkan hubungan antara dua sepupu, Maria dan Tsugumi, selama musim panas terakhir mereka bersama di sebuah kota pesisir sebelum keluarga mereka pindah. Tsugumi, yang telah sakit-sakitan sejak lahir, memiliki kepribadian yang kompleks - cantik namun sinis, kejam namun memikat. Melalui sudut pandang Maria, novel ini mengeksplorasi tema-tema persahabatan, kematian, dan perubahan, serta bagaimana kesadaran akan kefanaan hidup dapat memengaruhi cara seseorang menjalani hidupnya. Dengan latar belakang pemandangan laut yang indah, "Goodbye Tsugumi" adalah potret yang mendalam tentang masa remaja dan transisi ke kedewasaan.', 186, 1989, 10, false);

INSERT INTO public.book (id, title, description, pages, publishing_year, publisher_id, deleted) VALUES (17,'The Da Vinci Code', 'Novel thriller yang mengikuti Robert Langdon, seorang profesor simbologi dari Harvard, dan Sophie Neveu, seorang kriptolog Prancis, dalam pencarian mereka untuk memecahkan pembunuhan misterius di Museum Louvre. Investigasi mereka mengungkap konspirasi yang melibatkan Priory of Sion dan Opus Dei, serta rahasia yang berkaitan dengan Holy Grail dan Yesus Kristus. Novel ini menggabungkan elemen sejarah, seni, kode, dan simbolisme agama, menciptakan kontroversi dengan teorinya tentang Yesus yang menikah dengan Maria Magdalena dan memiliki keturunan. Meskipun banyak dikritik oleh sejarawan dan teolog atas akurasi historisnya, novel ini menjadi fenomena global dan salah satu buku terlaris sepanjang masa.', 489, 2003, 12, false);

INSERT INTO public.book (id, title, description, pages, publishing_year, publisher_id, deleted) VALUES (18,'Angels & Demons', 'Novel thriller yang merupakan prekuel dari "The Da Vinci Code", meskipun diterbitkan lebih dulu. Cerita ini mengikuti Robert Langdon dalam petualangannya pertama kali, ketika ia dipanggil ke CERN di Swiss untuk menyelidiki pembunuhan seorang fisikawan yang tubuhnya ditemukan dengan simbol Illuminati yang dibakar di dadanya. Langdon kemudian terlibat dalam perlombaan melawan waktu di Vatikan untuk menghentikan ancaman bom antimatter yang disembunyikan oleh Illuminati, sebuah persaudaraan rahasia kuno yang bermusuhan dengan Gereja Katolik. Novel ini menggabungkan elemen sejarah, sains, agama, dan seni, mengeksplorasi konflik antara sains dan agama serta sejarah persaudaraan Illuminati.', 616, 2000, 12, false);

INSERT INTO public.book (id, title, description, pages, publishing_year, publisher_id, deleted) VALUES (19, 'Hujan Bulan Juni', 'Kumpulan puisi Sapardi Djoko Damono yang berisi puisi-puisi tentang cinta, kehidupan, dan refleksi filosofis. Puisi yang menjadi judul buku ini, "Hujan Bulan Juni", adalah salah satu karya paling terkenal Sapardi yang menggunakan metafora hujan di bulan Juni (musim kemarau di Indonesia) untuk menggambarkan paradoks dan kompleksitas cinta. Kumpulan ini menampilkan gaya khas Sapardi dengan bahasa yang sederhana namun kaya makna, metafora alam yang indah, dan kemampuannya mengekspresikan perasaan dan pemikiran yang mendalam melalui kata-kata yang minimal. Puisi-puisi dalam buku ini telah memengaruhi banyak generasi pembaca dan penyair Indonesia.', 100, 1994, 3, false);

INSERT INTO public.book (id, title, description, pages, publishing_year, publisher_id, deleted) VALUES (20, 'Perahu Kertas', 'Kumpulan puisi Sapardi Djoko Damono yang diterbitkan pada tahun 1983. Buku ini berisi puisi-puisi yang menampilkan gaya khas Sapardi dengan bahasa yang sederhana namun kaya makna dan metafora yang mendalam. Judul "Perahu Kertas" sendiri mengacu pada salah satu puisi terkenal dalam kumpulan ini yang menggunakan metafora perahu kertas untuk menggambarkan kerapuhan dan perjalanan hidup manusia. Puisi-puisi dalam kumpulan ini mengeksplorasi tema-tema universal seperti cinta, kehidupan, kematian, dan eksistensi manusia, yang disampaikan melalui imaji-imaji alam dan kehidupan sehari-hari. "Perahu Kertas" dianggap sebagai salah satu karya penting dalam khazanah puisi modern Indonesia dan telah memengaruhi banyak penyair generasi berikutnya.', 88, 1983, 3, false);

INSERT INTO public.book (id, title, description, pages, publishing_year, publisher_id, deleted) VALUES (21,'The God of Small Things', 'Novel debut Arundhati Roy yang memenangkan Booker Prize 1997. Novel ini mengisahkan kehidupan keluarga Ipe di Kerala, India, berfokus pada sepasang anak kembar, Rahel dan Estha, serta peristiwa-peristiwa tragis yang terjadi pada tahun 1969. Dengan struktur non-linear yang bergerak maju mundur dalam waktu, novel ini mengeksplorasi tema-tema kompleks seperti sistem kasta, politik komunis, tabu sosial, dan "Hukum Cinta" yang menentukan "siapa yang boleh dicintai, bagaimana, dan seberapa banyak." Gaya bahasa Roy yang kaya, puitis, dan eksperimental, dengan permainan kata dan frasa yang berulang, menciptakan narasi yang mendalam tentang bagaimana "hal-hal kecil" dalam kehidupan dapat memiliki dampak besar pada nasib manusia. Novel ini juga mengkritik struktur sosial India, kolonialisme, dan patriarki, sambil menggambarkan keindahan dan kompleksitas kehidupan di Kerala.', 340, 1997, 14, false);

INSERT INTO public.book (id, title, description, pages, publishing_year, publisher_id, deleted) VALUES (22, 'The Ministry of Utmost Happiness', 'Novel kedua Arundhati Roy yang diterbitkan setelah jeda 20 tahun dari karya fiksi pertamanya. Novel ini mengikuti perjalanan Anjum, seorang waria (hijra) yang meninggalkan komunitas hijra-nya untuk membangun kehidupan baru di sebuah pemakaman, dan Tilo, seorang arsitek yang terlibat dalam perjuangan kemerdekaan Kashmir. Melalui kehidupan karakter-karakter yang terpinggirkan ini, Roy mengeksplorasi berbagai aspek sejarah India kontemporer, termasuk konflik Kashmir, gerakan Naxalite, kebangkitan Hindu nasionalis, dan dampak kapitalisme global. Novel ini menggabungkan narasi personal dengan kritik sosial-politik yang tajam, menggambarkan India yang kompleks dan penuh kontradiksi. Dengan gaya prosa yang kaya dan puitis, Roy menciptakan mosaik cerita yang saling terhubung yang menantang pembaca untuk memikirkan kembali gagasan tentang kebahagiaan, keluarga, dan identitas dalam dunia yang terpecah-belah.', 464, 2017, 15, false);

INSERT INTO public.book (id, title, description, pages, publishing_year, publisher_id, deleted) VALUES (23, 'Harry Potter and the Philosopher''s Stone', 'Buku pertama dalam seri Harry Potter yang memperkenalkan Harry Potter, seorang anak yatim piatu yang mengetahui bahwa ia adalah penyihir pada ulang tahunnya yang ke-11 ketika ia menerima undangan untuk menghadiri Sekolah Sihir Hogwarts. Buku ini mengikuti tahun pertama Harry di Hogwarts saat ia mulai mempelajari sihir, membuat teman baru seperti Ron Weasley dan Hermione Granger, dan menghadapi Lord Voldemort, penyihir jahat yang membunuh orang tuanya. Harry dan teman-temannya menyelidiki misteri Batu Bertuah, sebuah artefak alkimia yang dapat mengubah logam menjadi emas dan menghasilkan Elixir Kehidupan yang membuat pemakainya abadi. Dengan perpaduan antara petualangan, misteri, humor, dan tema-tema tentang persahabatan, keberanian, dan pilihan yang mendefinisikan siapa kita, buku ini meletakkan dasar untuk dunia sihir yang kompleks dan memikat yang akan dikembangkan dalam buku-buku selanjutnya.', 223, 1997, 17, false);

INSERT INTO public.book (id, title, description, pages, publishing_year, publisher_id, deleted) VALUES (24, 'Harry Potter and the Chamber of Secrets', 'Buku kedua dalam seri Harry Potter yang mengikuti tahun kedua Harry di Sekolah Sihir Hogwarts. Setelah liburan musim panas yang menyebalkan bersama keluarga Dursley, Harry kembali ke Hogwarts namun diperingatkan oleh peri rumah bernama Dobby bahwa bahaya mengancam sekolah. Tak lama setelah kedatangannya, pesan misterius mulai muncul di dinding kastil, mengumumkan bahwa "Kamar Rahasia telah dibuka" dan "musuh sang pewaris, waspadalah." Saat siswa-siswa keturunan Muggle (non-penyihir) mulai diserang dan dibatu-kan oleh kekuatan misterius, Harry dicurigai sebagai pelakunya karena kemampuannya berbicara dengan ular (Parseltongue). Bersama Ron dan Hermione, Harry berusaha mengungkap misteri Kamar Rahasia, identitas pewarisnya, dan monster yang bersembunyi di dalamnya. Buku ini memperdalam mitologi dunia sihir dengan mengeksplorasi sejarah Hogwarts, prasangka darah murni, dan masa lalu Lord Voldemort, sambil mengembangkan tema-tema tentang identitas, warisan, dan kekuatan pilihan atas takdir.', 251, 1998, 18, false);

INSERT INTO public.book (id, title, description, pages, publishing_year, publisher_id, deleted) VALUES (25, 'The Innovators: How a Group of Hackers, Geniuses, and Geeks Created the Digital Revolution', 'The Innovators adalah sebuah karya komprehensif yang mengisahkan sejarah revolusi digital dan orang-orang di baliknya. Walter Isaacson dengan teliti menelusuri evolusi komputer dan internet, dimulai dari Ada Lovelace di abad ke-19 yang menuliskan konsep pemrograman komputer pertama, hingga era modern dengan tokoh-tokoh seperti Bill Gates, Steve Jobs, dan Tim Berners-Lee. Buku ini tidak hanya menceritakan biografi para inovator secara terpisah, tetapi juga mengungkap bagaimana kolaborasi antara para visioner, insinyur, dan wirausahawan telah mendorong kemajuan teknologi. Isaacson mematahkan mitos "penemu tunggal" dan menunjukkan bahwa inovasi terbesar seringkali muncul dari kerja tim dan perpaduan antara seni dan sains. Dengan menggabungkan riset mendalam dan narasi yang mengalir, buku ini memberikan wawasan berharga tentang bagaimana kreativitas kolektif telah membentuk dunia digital yang kita kenal saat ini, serta pelajaran penting tentang inovasi yang dapat diterapkan di berbagai bidang.', 542, 2014, 16, false);
-- update sequence of book id to 26
ALTER SEQUENCE book_id_seq RESTART WITH 26;




INSERT INTO public.book_author (book_id, author_id) VALUES (1, 1);
INSERT INTO public.book_author (book_id, author_id) VALUES (2, 1);

INSERT INTO public.book_author (book_id, author_id) VALUES (3, 2);
INSERT INTO public.book_author (book_id, author_id) VALUES (4, 2);

INSERT INTO public.book_author (book_id, author_id) VALUES (5, 3);
INSERT INTO public.book_author (book_id, author_id) VALUES (6, 3);

INSERT INTO public.book_author (book_id, author_id) VALUES (7, 4);
INSERT INTO public.book_author (book_id, author_id) VALUES (8, 4);

INSERT INTO public.book_author (book_id, author_id) VALUES (9, 5);

INSERT INTO public.book_author (book_id, author_id) VALUES (10, 5);

INSERT INTO public.book_author (book_id, author_id) VALUES (11, 6);

INSERT INTO public.book_author (book_id, author_id) VALUES (12, 6);

INSERT INTO public.book_author (book_id, author_id) VALUES (13, 7);

INSERT INTO public.book_author (book_id, author_id) VALUES (14, 7);

INSERT INTO public.book_author (book_id, author_id) VALUES (15, 8);

INSERT INTO public.book_author (book_id, author_id) VALUES (16, 8);

INSERT INTO public.book_author (book_id, author_id) VALUES (17, 9);
INSERT INTO public.book_author (book_id, author_id) VALUES (18, 9);
INSERT INTO public.book_author (book_id, author_id) VALUES (19, 10);

INSERT INTO public.book_author (book_id, author_id) VALUES (20, 10);

INSERT INTO public.book_author (book_id, author_id) VALUES (21, 11);
INSERT INTO public.book_author (book_id, author_id) VALUES (22, 11);
INSERT INTO public.book_author (book_id, author_id) VALUES (23, 5);
INSERT INTO public.book_author (book_id, author_id) VALUES (24, 5);

INSERT INTO public.book_category (book_id, category_code) VALUES (1, 'NOVEL');
INSERT INTO public.book_category (book_id, category_code) VALUES (2, 'NOVEL');
INSERT INTO public.book_category (book_id, category_code) VALUES (3, 'NOVEL');
INSERT INTO public.book_category (book_id, category_code) VALUES (4, 'NOVEL');
INSERT INTO public.book_category (book_id, category_code) VALUES (5, 'NOVEL');
INSERT INTO public.book_category (book_id, category_code) VALUES (6, 'NOVEL');
INSERT INTO public.book_category (book_id, category_code) VALUES (7, 'NOVEL');
INSERT INTO public.book_category (book_id, category_code) VALUES (8, 'NOVEL');
INSERT INTO public.book_category (book_id, category_code) VALUES (9, 'NOVEL');
INSERT INTO public.book_category (book_id, category_code) VALUES (10, 'NOVEL');
INSERT INTO public.book_category (book_id, category_code) VALUES (11, 'NOVEL');
INSERT INTO public.book_category (book_id, category_code) VALUES (12, 'NOVEL');
INSERT INTO public.book_category (book_id, category_code) VALUES (13, 'NOVEL');
INSERT INTO public.book_category (book_id, category_code) VALUES (14, 'NOVEL');
INSERT INTO public.book_category (book_id, category_code) VALUES (15, 'NOVEL');
INSERT INTO public.book_category (book_id, category_code) VALUES (16, 'NOVEL');
INSERT INTO public.book_category (book_id, category_code) VALUES (16, 'SASTRA_JEPANG');
INSERT INTO public.book_category (book_id, category_code) VALUES (17, 'NOVEL');
INSERT INTO public.book_category (book_id, category_code) VALUES (17, 'THRILLER');
INSERT INTO public.book_category (book_id, category_code) VALUES (18, 'NOVEL');
INSERT INTO public.book_category (book_id, category_code) VALUES (19, 'PUISI');
INSERT INTO public.book_category (book_id, category_code) VALUES (19, 'SASTRA_INDONESIA');
INSERT INTO public.book_category (book_id, category_code) VALUES (20, 'PUISI');
INSERT INTO public.book_category (book_id, category_code) VALUES (20, 'SASTRA_INDONESIA');
INSERT INTO public.book_category (book_id, category_code) VALUES (21, 'SASTRA_INDIA');
INSERT INTO public.book_category (book_id, category_code) VALUES (21, 'NOVEL');
INSERT INTO public.book_category (book_id, category_code) VALUES (22, 'NOVEL');
INSERT INTO public.book_category (book_id, category_code) VALUES (22, 'SASTRA_INDIA');
INSERT INTO public.book_category (book_id, category_code) VALUES (23, 'FANTASI');
INSERT INTO public.book_category (book_id, category_code) VALUES (23, 'FIKSI_ANAK');
INSERT INTO public.book_category (book_id, category_code) VALUES (23, 'NOVEL');
INSERT INTO public.book_category (book_id, category_code) VALUES (24, 'FANTASI');
INSERT INTO public.book_category (book_id, category_code) VALUES (24, 'FIKSI_ANAK');
INSERT INTO public.book_category (book_id, category_code) VALUES (24, 'NOVEL');
INSERT INTO public.book_category (book_id, category_code) VALUES (25, 'BIOGRAPHY');